[
    {
        "path": "/",
        "component": "home",
        "icon": "el-icon-information",
        "name": "菜单一",
        "children": [
            { "path": "/table", "component": "table1", "name": "表格" },
            { "path": "/form", "component": "table2", "name": "form", "hidden": true },
            { "path": "/draggable", "component": "table3", "name": "表单" }
        ]
    },
    {
        "path": "/",
        "component": "home",
        "icon": "el-icon-information",
        "name": "菜单二",
        "children": [
            { "path": "/menu2-1", "component": "table4", "name": "menu2-1" },
            { "path": "/menu2-2", "component": "table5", "name": "menu2-2"}
        ]
    },
    {
        "path": "/",
        "component": "home",
        "icon": "el-icon-information",
        "name": "菜单三",
        "children": [
            { "path": "/menu3-1", "component": "table6", "name": "menu3-1" }
        ]
    }
] 